holiday_id,year,month,day
1,2009,01,01
1,2010,01,01
1,2011,01,01
1,2012,01,01
1,2013,01,01
1,2014,01,01
1,2015,01,01
1,2016,01,01
1,2017,01,01
1,2018,01,01
1,2019,01,01
2,2009,01,19
2,2010,01,18
2,2011,01,17
2,2012,01,16
2,2013,01,21
2,2014,01,20
2,2015,01,19
2,2016,01,18
2,2017,01,16
2,2018,01,15
2,2019,01,21
3,2009,02,01
3,2010,02,07
3,2011,02,06
3,2012,02,05
3,2013,02,03
3,2014,02,02
3,2015,02,01
3,2016,02,07
3,2017,02,05
3,2018,02,04
3,2019,02,03
4,2009,02,14
4,2010,02,14
4,2011,02,14
4,2012,02,14
4,2013,02,14
4,2014,02,14
4,2015,02,14
4,2016,02,14
4,2017,02,14
4,2018,02,14
4,2019,02,14
5,2009,02,16
5,2010,02,15
5,2011,02,21
5,2012,02,20
5,2013,02,18
5,2014,02,17
5,2015,02,16
5,2016,02,15
5,2017,02,20
5,2018,02,19
5,2019,02,18
6,2009,03,17
6,2010,03,17
6,2011,03,17
6,2012,03,17
6,2013,03,17
6,2014,03,17
6,2015,03,17
6,2016,03,17
6,2017,03,17
6,2018,03,17
6,2019,03,17
7,2009,04,10
7,2010,04,02
7,2011,04,22
7,2012,04,06
7,2013,03,29
7,2014,04,18
7,2015,04,03
7,2016,03,25
7,2017,04,14
7,2018,03,30
7,2019,04,19
8,2009,04,12
8,2010,04,02
8,2011,04,24
8,2012,04,08
8,2013,03,31
8,2014,04,20
8,2015,04,05
8,2016,03,27
8,2017,04,16
8,2018,04,01
8,2019,04,21
9,2009,05,10
9,2010,05,09
9,2011,05,08
9,2012,05,13
9,2013,05,12
9,2014,05,11
9,2015,05,10
9,2016,05,08
9,2017,05,14
9,2018,05,13
9,2019,05,12
10,2009,05,25
10,2010,05,31
10,2011,05,30
10,2012,05,28
10,2013,05,27
10,2014,05,26
10,2015,05,25
10,2016,05,26
10,2017,05,29
10,2018,05,28
10,2019,05,27
11,2009,06,14
11,2010,06,14
11,2011,06,14
11,2012,06,14
11,2013,06,14
11,2014,06,14
11,2015,06,14
11,2016,06,14
11,2017,06,14
11,2018,06,14
11,2019,06,14
12,2009,06,21
12,2010,06,20
12,2011,06,19
12,2012,06,17
12,2013,06,16
12,2014,06,15
12,2015,06,21
12,2016,06,19
12,2017,06,18
12,2018,06,17
12,2019,06,16
13,2009,07,04
13,2010,07,04
13,2011,07,04
13,2012,07,04
13,2013,07,04
13,2014,07,04
13,2015,07,04
13,2016,07,04
13,2017,07,04
13,2018,07,04
13,2019,07,04
14,2009,07,26
14,2010,07,25
14,2011,07,24
14,2012,07,22
14,2013,07,28
14,2014,07,27
14,2015,07,26
14,2016,07,24
14,2017,07,23
14,2018,07,22
14,2019,07,28
15,2009,09,07
15,2010,09,06
15,2011,09,05
15,2012,09,03
15,2013,09,02
15,2014,09,01
15,2015,09,07
15,2016,09,05
15,2017,09,04
15,2018,09,03
15,2019,09,02
16,2009,09,11
16,2010,09,11
16,2011,09,11
16,2012,09,11
16,2013,09,11
16,2014,09,11
16,2015,09,11
16,2016,09,11
16,2017,09,11
16,2018,09,11
16,2019,09,11
17,2009,09,27
17,2010,09,17
17,2011,10,07
17,2012,09,25
17,2013,09,13
17,2014,10,03
17,2015,09,22
17,2016,10,11
17,2017,09,29
17,2018,09,18
17,2019,10,08
18,2009,10,31
18,2010,10,31
18,2011,10,31
18,2012,10,31
18,2013,10,31
18,2014,10,31
18,2015,10,31
18,2016,10,31
18,2017,10,31
18,2018,10,31
18,2019,10,31
19,2009,11,01
19,2010,11,07
19,2011,11,06
19,2012,11,04
19,2013,11,03
19,2014,11,02
19,2015,11,01
19,2016,11,06
19,2017,11,05
19,2018,11,04
19,2019,11,03
20,2009,11,11
20,2010,11,11
20,2011,11,11
20,2012,11,11
20,2013,11,11
20,2014,11,11
20,2015,11,11
20,2016,11,11
20,2017,11,11
20,2018,11,11
20,2019,11,11
21,2009,11,26
21,2010,11,25
21,2011,11,24
21,2012,11,22
21,2013,11,28
21,2014,11,27
21,2015,11,26
21,2016,11,24
21,2017,11,23
21,2018,11,22
21,2019,11,28
22,2009,11,27
22,2010,11,26
22,2011,11,25
22,2012,11,23
22,2013,11,29
22,2014,11,28
22,2015,11,27
22,2016,11,25
22,2017,11,24
22,2018,11,23
22,2019,11,29
23,2009,12,24
23,2010,12,24
23,2011,12,24
23,2012,12,24
23,2013,12,24
23,2014,12,24
23,2015,12,24
23,2016,12,24
23,2017,12,24
23,2018,12,24
23,2019,12,24
24,2009,12,25
24,2010,12,25
24,2011,12,25
24,2012,12,25
24,2013,12,25
24,2014,12,25
24,2015,12,25
24,2016,12,25
24,2017,12,25
24,2018,12,25
24,2019,12,25
25,2009,12,31
25,2010,12,31
25,2011,12,31
25,2012,12,31
25,2013,12,31
25,2014,12,31
25,2015,12,31
25,2016,12,31
25,2017,12,31
25,2018,12,31
25,2019,12,31




















